{
    "name": "botproperties", 
    "title": "Book of Trials Weapon Properties",
    "description": "Adds Book of Trials Weapon Properties",
    "version": "0.1", 
    "author": "Requiem", 
    "systems": ["dnd5e"], 
    "styles": [], 
    "scripts": ["botproperties.js"], 
    "manifest": "https://raw.githubusercontent.com/Requiem-theDM/botproperties/main/module.json?token=GHSAT0AAAAAACHZ24VZX5STPC2G72VMBMV2ZIKGJUQ", 
    "download": "https://github.com/Requiem-theDM/botproperties/main/botproperties.zip", 
    "minimumCoreVersion": "0.7.0", 
    "compatibleCoreVersion": "0.7.9" 
 }